"Seller Gstin","Invoice Number","Invoice Date","Transaction Type","Order Id","Shipment Id","Shipment Date","Order Date","Shipment Item Id",Quantity,"Item Description",Asin,Hsn/sac,Sku,"Product Tax Code","Bill From City","Bill From State","Bill From Country","Bill From Postal Code","Ship From City","Ship From State","Ship From Country","Ship From Postal Code","Ship To City","Ship To State","Ship To Country","Ship To Postal Code","Invoice Amount","Tax Exclusive Gross","Total Tax Amount","Cgst Rate","Sgst Rate","Utgst Rate","Igst Rate","Compensatory Cess Rate","Principal Amount","Principal Amount Basis","Cgst Tax","Sgst Tax","Igst Tax","Utgst Tax","Compensatory Cess Tax","Shipping Amount","Shipping Amount Basis","Shipping Cgst Tax","Shipping Sgst Tax","Shipping Utgst Tax","Shipping Igst Tax","Shipping Cess Tax Amount","Gift Wrap Amount","Gift Wrap Amount Basis","Gift Wrap Cgst Tax","Gift Wrap Sgst Tax","Gift Wrap Utgst Tax","Gift Wrap Igst Tax","Gift Wrap Compensatory Cess Tax","Item Promo Discount","Item Promo Discount Basis","Item Promo Tax","Shipping Promo Discount","Shipping Promo Discount Basis","Shipping Promo Tax","Gift Wrap Promo Discount","Gift Wrap Promo Discount Basis","Gift Wrap Promo Tax","Tcs Cgst Rate","Tcs Cgst Amount","Tcs Sgst Rate","Tcs Sgst Amount","Tcs Utgst Rate","Tcs Utgst Amount","Tcs Igst Rate","Tcs Igst Amount","Warehouse Id","Fulfillment Channel","Payment Method Code","Credit Note No","Credit Note Date"
33AHOPW5310Q1ZO,,"2026-08-03 09:17:56",Cancel,404-2958055-0123515,A0506338G654U0262UFT,,,572514887274,2,,B099QP1P74,,TWN004,A_GEN_REDUCED,CHENNAI,"TAMIL NADU",IN,600093,ERODE,"TAMIL NADU",IN,638004,CHITTOOR,"ANDHRA PRADESH",IN,517193,0,0,0,0,0,0,0,0,0,0,0,0,0,0,0,0,0,0,0,0,0,0,0,0,0,0,0,0,0,0,0,0,0,0,0,0,0,0,0,0,0,0,0,0,0,0,,,,,
33AHOPW5310Q1ZO,IN-97,"2026-08-01 21:57:03",Shipment,405-8258564-6349167,A0299141O4R57FUSKRX8,"2026-08-04 12:22:58","2026-08-01 21:43:13",572489380143,1,"Wise Ninja Bus Conductor Cash Bag   Brown Leather with 4 Compartments  Handmade",B099QP1P74,7437,TWN004,A_GEN_REDUCED,CHENNAI,"TAMIL NADU",IN,600093,ERODE,"TAMIL NADU",IN,638004,CHENNAI,"TAMIL NADU",IN,600052,790,752.38,37.62,0.025,0.025,0,0,0,790,752.38,18.81,18.81,0,0,0,0,0,0,0,0,0,0,0,0,0,0,0,0,0,0,0,0,0,0,0,0,0,0,0.0025,1.88,0.0025,1.88,0,0,0,0,,MFN,COD,,
33AHOPW5310Q1ZO,IN-98,"2026-08-03 09:17:56",Shipment,404-2958055-0123515,A0506338G654U0262UFT,"2026-08-05 15:18:04","2026-08-03 09:07:37",572514887274,2,"Wise Ninja Bus Conductor Cash Bag   Brown Leather with 4 Compartments  Handmade",B099QP1P74,7437,TWN004,A_GEN_REDUCED,CHENNAI,"TAMIL NADU",IN,600093,ERODE,"TAMIL NADU",IN,638004,CHITTOOR,"ANDHRA PRADESH",IN,517193,1580,1504.76,75.24,0,0,0,0.05,0,1580,1504.76,0,0,75.24,0,0,0,0,0,0,0,0,0,0,0,0,0,0,0,0,0,0,0,0,0,0,0,0,0,0,0,0,0,0,0,0.005,7.52,,MFN,NB,,
33AHOPW5310Q1ZO,,"2026-08-05 18:44:01",Cancel,407-8528649-0213142,A042239527KCJ99NOVBLT,,,572982178694,1,,B099QP1P74,,TWN004,A_GEN_REDUCED,CHENNAI,"TAMIL NADU",IN,600093,ERODE,"TAMIL NADU",IN,638004,RATNAGIRI,MAHARASHTRA,IN,416702,0,0,0,0,0,0,0,0,0,0,0,0,0,0,0,0,0,0,0,0,0,0,0,0,0,0,0,0,0,0,0,0,0,0,0,0,0,0,0,0,0,0,0,0,0,0,,,,,
33AHOPW5310Q1ZO,IN-99,"2026-08-04 13:47:52",Shipment,404-8166811-7069925,A07386462PKC7RKO1E2X6,"2026-08-06 11:54:31","2026-08-04 13:33:18",572743554103,2,"Wise Ninja Bus Conductor Cash Bag   Brown Leather with 4 Compartments  Handmade",B099QP1P74,7437,TWN004,A_GEN_REDUCED,CHENNAI,"TAMIL NADU",IN,600093,ERODE,"TAMIL NADU",IN,638004,MADURAI,"TAMIL NADU",IN,625122,1580,1504.76,75.24,0.025,0.025,0,0,0,1580,1504.76,37.62,37.62,0,0,0,0,0,0,0,0,0,0,0,0,0,0,0,0,0,0,0,0,0,0,0,0,0,0,0.0025,3.76,0.0025,3.76,0,0,0,0,,MFN,COD,,
33AHOPW5310Q1ZO,IN-100,"2026-08-05 18:44:01",Shipment,407-8528649-0213142,A042239527KCJ99NOVBLT,"2026-08-07 11:32:32","2026-08-05 18:29:08",572982178694,1,"Wise Ninja Bus Conductor Cash Bag   Brown Leather with 4 Compartments  Handmade",B099QP1P74,7437,TWN004,A_GEN_REDUCED,CHENNAI,"TAMIL NADU",IN,600093,ERODE,"TAMIL NADU",IN,638004,RATNAGIRI,MAHARASHTRA,IN,416702,790,752.38,37.62,0,0,0,0.05,0,790,752.38,0,0,37.62,0,0,0,0,0,0,0,0,0,0,0,0,0,0,0,0,0,0,0,0,0,0,0,0,0,0,0,0,0,0,0,0.005,3.76,,MFN,COD,,
33AHOPW5310Q1ZO,IN-101,"2026-08-06 08:16:08",Shipment,404-7445187-7614763,A0627919134MX4ZPW9F6N,"2026-08-07 11:32:32","2026-08-06 08:01:44",573023597607,2,"Wise Ninja Bus Conductor Cash Bag   Brown Leather with 4 Compartments  Handmade",B099QP1P74,7437,TWN004,A_GEN_REDUCED,CHENNAI,"TAMIL NADU",IN,600093,ERODE,"TAMIL NADU",IN,638004,SIRUGAMANI,"TAMIL NADU",IN,639112,1580,1504.76,75.24,0.025,0.025,0,0,0,1580,1504.76,37.62,37.62,0,0,0,0,0,0,0,0,0,0,0,0,0,0,0,0,0,0,0,0,0,0,0,0,0,0,0.0025,3.76,0.0025,3.76,0,0,0,0,,MFN,COD,,
33AHOPW5310Q1ZO,,"2026-08-07 15:31:47",Cancel,406-2622799-7029912,A05092411USSJXVU2932B,,,573072437511,1,,B099QP1P74,,TWN004,A_GEN_REDUCED,CHENNAI,"TAMIL NADU",IN,600093,ERODE,"TAMIL NADU",IN,638004,TIRUKKOYILUR,"TAMIL NADU",IN,605757,0,0,0,0,0,0,0,0,0,0,0,0,0,0,0,0,0,0,0,0,0,0,0,0,0,0,0,0,0,0,0,0,0,0,0,0,0,0,0,0,0,0,0,0,0,0,,,,,
33AHOPW5310Q1ZO,,"2026-08-07 21:41:24",Cancel,404-0489948-8538756,A06686873KDQXKHR9BVD0,,,573096012164,1,,B099QP1P74,,TWN004,A_GEN_REDUCED,CHENNAI,"TAMIL NADU",IN,600093,ERODE,"TAMIL NADU",IN,638004,CHENNAI,"TAMIL NADU",IN,600052,0,0,0,0,0,0,0,0,0,0,0,0,0,0,0,0,0,0,0,0,0,0,0,0,0,0,0,0,0,0,0,0,0,0,0,0,0,0,0,0,0,0,0,0,0,0,,,,,
33AHOPW5310Q1ZO,IN-103,"2026-08-07 21:41:24",FreeReplacement,404-0489948-8538756,A06686873KDQXKHR9BVD0,"2026-08-08 15:04:30","2026-08-07 21:36:36",573096012164,1,"Wise Ninja Bus Conductor Cash Bag   Brown Leather with 4 Compartments  Handmade",B099QP1P74,7437,TWN004,A_GEN_REDUCED,CHENNAI,"TAMIL NADU",IN,600093,ERODE,"TAMIL NADU",IN,638004,CHENNAI,"TAMIL NADU",IN,600052,0,0,0,0.025,0.025,0,0,0,0,0,0,0,0,0,0,0,0,0,0,0,0,0,0,0,0,0,0,0,0,0,0,0,0,0,0,0,0,0,0,0,0,0,0,0,0,0,,MFN,GC,,
33AHOPW5310Q1ZO,IN-102,"2026-08-07 15:31:47",Shipment,406-2622799-7029912,A05092411USSJXVU2932B,"2026-08-10 11:26:16","2026-08-07 15:17:19",573072437511,1,"Wise Ninja Bus Conductor Cash Bag   Brown Leather with 4 Compartments  Handmade",B099QP1P74,7437,TWN004,A_GEN_REDUCED,CHENNAI,"TAMIL NADU",IN,600093,ERODE,"TAMIL NADU",IN,638004,TIRUKKOYILUR,"TAMIL NADU",IN,605757,790,752.38,37.62,0.025,0.025,0,0,0,790,752.38,18.81,18.81,0,0,0,0,0,0,0,0,0,0,0,0,0,0,0,0,0,0,0,0,0,0,0,0,0,0,0.0025,1.88,0.0025,1.88,0,0,0,0,,MFN,PayStation,,
33AHOPW5310Q1ZO,IN-105,"2026-08-08 11:19:01",Shipment,402-1176835-0501969,A06330643F2GLE0OY10GK,"2026-08-10 11:26:15","2026-08-08 11:04:18",573107115267,2,"Wise Ninja Bus Conductor Cash Bag   Brown Leather with 4 Compartments  Handmade",B099QP1P74,7437,TWN004,A_GEN_REDUCED,CHENNAI,"TAMIL NADU",IN,600093,ERODE,"TAMIL NADU",IN,638004,Aranvayal,"TAMIL NADU",IN,602025,1580,1504.76,75.24,0.025,0.025,0,0,0,1580,1504.76,37.62,37.62,0,0,0,0,0,0,0,0,0,0,0,0,0,0,0,0,0,0,0,0,0,0,0,0,0,0,0.0025,3.76,0.0025,3.76,0,0,0,0,,MFN,COD,,
33AHOPW5310Q1ZO,IN-104,"2026-08-07 22:24:16",Shipment,171-0450009-9247535,A01963342HOGVXHY2KXZO,"2026-08-10 11:26:15","2026-08-07 22:09:40",573103947722,1,"Wise Ninja Bus Conductor Cash Bag   Brown Leather with 4 Compartments  Handmade",B099QP1P74,7437,TWN004,A_GEN_REDUCED,CHENNAI,"TAMIL NADU",IN,600093,ERODE,"TAMIL NADU",IN,638004,THOOTHUKKUDI,"TAMIL NADU",IN,628002,790,752.38,37.62,0.025,0.025,0,0,0,790,752.38,18.81,18.81,0,0,0,0,0,0,0,0,0,0,0,0,0,0,0,0,0,0,0,0,0,0,0,0,0,0,0.0025,1.88,0.0025,1.88,0,0,0,0,,MFN,COD,,
33AHOPW5310Q1ZO,IN-106,"2026-08-09 20:25:42",Shipment,407-2045178-9151504,A07929003MOHW1JJGY4TI,"2026-08-12 11:20:00","2026-08-09 20:17:49",573124469113,1,"Wise Ninja Bus Conductor Cash Bag   Brown Leather with 4 Compartments  Handmade",B099QP1P74,7437,TWN004,A_GEN_REDUCED,CHENNAI,"TAMIL NADU",IN,600093,ERODE,"TAMIL NADU",IN,638004,CHENNAI,"TAMIL NADU",IN,600088,790,752.38,37.62,0.025,0.025,0,0,0,790,752.38,18.81,18.81,0,0,0,0,0,0,0,0,0,0,0,0,0,0,0,0,0,0,0,0,0,0,0,0,0,0,0.0025,1.88,0.0025,1.88,0,0,0,0,,MFN,NB,,
33AHOPW5310Q1ZO,IN-107,"2026-08-11 17:12:25",Cancel,405-3722147-5139524,A1034953J3OOMGJGVQLA,,,573593973221,1,,B099QNS4JB,,TWN003,A_GEN_REDUCED,CHENNAI,"TAMIL NADU",IN,600093,ERODE,"TAMIL NADU",IN,638004,ETTAYAPURAM,"TAMIL NADU",IN,628902,0,0,0,0,0,0,0,0,0,0,0,0,0,0,0,0,0,0,0,0,0,0,0,0,0,0,0,0,0,0,0,0,0,0,0,0,0,0,0,0,0,0,0,0,0,0,,,,,
33AHOPW5310Q1ZO,IN-108,"2026-08-12 07:40:25",Shipment,403-1806906-0529946,A07870681VQFUL7TKAS2S,"2026-08-13 16:24:15","2026-08-12 07:25:33",573801810018,2,"The Wise Ninja Bus Conductor Leather Cash Bag Petrol Pump Cashier Leather Bag   Black Color Sandal Piping with 4 Compartments Handmade Leather Bags",B099QNS4JB,7437,TWN003,A_GEN_REDUCED,CHENNAI,"TAMIL NADU",IN,600093,ERODE,"TAMIL NADU",IN,638004,"GAJULAMANDHYAM INDUSTRIAL AREA","ANDHRA PRADESH",IN,517551,1580,1504.76,75.24,0,0,0,0.05,0,1580,1504.76,0,0,75.24,0,0,0,0,0,0,0,0,0,0,0,0,0,0,0,0,0,0,0,0,0,0,0,0,0,0,0,0,0,0,0,0.005,7.52,,MFN,COD,,
33AHOPW5310Q1ZO,IN-109,"2026-08-12 16:33:05",Shipment,408-7027429-5115533,A05209452MTRW6IBPCLK7,"2026-08-17 11:32:17","2026-08-12 16:19:41",573956823391,1,"The Wise Ninja Bus Conductor Leather Cash Bag Petrol Pump Cashier Leather Bag   Black Color Sandal Piping with 4 Compartments Handmade Leather Bags",B099QNS4JB,7437,TWN003,A_GEN_REDUCED,CHENNAI,"TAMIL NADU",IN,600093,ERODE,"TAMIL NADU",IN,638004,MUMBAI,MAHARASHTRA,IN,400007,790,752.38,37.62,0,0,0,0.05,0,790,752.38,0,0,37.62,0,0,0,0,0,0,0,0,0,0,0,0,0,0,0,0,0,0,0,0,0,0,0,0,0,0,0,0,0,0,0,0.005,3.76,,MFN,PayStation,,
33AHOPW5310Q1ZO,IN-110,"2026-08-13 13:52:28",Shipment,402-2655396-2573905,A08767641CA6M6WNGPQDP,"2026-08-17 11:32:18","2026-08-13 13:40:05",574097085394,1,"The Wise Ninja Bus Conductor Leather Cash Bag Petrol Pump Cashier Leather Bag   Black Color Sandal Piping with 4 Compartments Handmade Leather Bags",B099QNS4JB,7437,TWN003,A_GEN_REDUCED,CHENNAI,"TAMIL NADU",IN,600093,ERODE,"TAMIL NADU",IN,638004,TIRUPATI,"ANDHRA PRADESH",IN,517501,790,752.38,37.62,0,0,0,0.05,0,790,752.38,0,0,37.62,0,0,0,0,0,0,0,0,0,0,0,0,0,0,0,0,0,0,0,0,0,0,0,0,0,0,0,0,0,0,0,0.005,3.76,,MFN,COD,,
33AHOPW5310Q1ZO,IN-111,"2026-08-15 20:58:12",Shipment,404-3991771-6973948,A04536501A1U37OUHA716,"2026-08-18 13:57:12","2026-08-15 20:43:28",574189110347,1,"The Wise Ninja Heavy Traditional Tools Bag for Electricians Plumbers General Workers Canvas Tool Bag  Traditional ",B0BCYS3N7H,39269099,1F-Q4AV-92PY,A_GEN_SUPERREDUCED,CHENNAI,"TAMIL NADU",IN,600093,ERODE,"TAMIL NADU",IN,638004,HOSUR,"TAMIL NADU",IN,635126,785,747.62,37.38,0.025,0.025,0,0,0,785,747.62,18.69,18.69,0,0,0,0,0,0,0,0,0,0,0,0,0,0,0,0,0,0,0,0,0,0,0,0,0,0,0.0025,1.87,0.0025,1.87,0,0,0,0,,MFN,COD,,
33AHOPW5310Q1ZO,IN-110,"2026-08-13 13:52:28",Refund,402-2655396-2573905,A08767641CA6M6WNGPQDP,"2026-08-17 11:32:18","2026-08-13 13:40:05",574097085394,1,"The Wise Ninja Bus Conductor Leather Cash Bag Petrol Pump Cashier Leather Bag   Black Color Sandal Piping with 4 Compartments Handmade Leather Bags",B099QNS4JB,7437,TWN003,A_GEN_REDUCED,CHENNAI,"TAMIL NADU",IN,600093,ERODE,"TAMIL NADU",IN,638004,TIRUPATI,"ANDHRA PRADESH",IN,517501,-790,-752.38,-37.62,0,0,0,0.05,0,790,-752.38,0,0,-37.62,0,0,0,0,0,0,0,0,0,0,0,0,0,0,0,0,0,0,0,0,0,0,0,0,0,0,0,0,0,0,0,0.005,-3.76,,MFN,COD,CN-14,"2026-08-19 10:54:28"
33AHOPW5310Q1ZO,IN-113,"2026-08-19 22:16:17",Shipment,407-5479576-5603558,A0679670V4LUDZ90OB9,"2026-08-21 13:29:11","2026-08-19 22:02:08",574626945495,1,"Wise Ninja Bus Conductor Cash Bag   Brown Leather with 4 Compartments  Handmade",B099QP1P74,7437,TWN004,A_GEN_REDUCED,CHENNAI,"TAMIL NADU",IN,600093,ERODE,"TAMIL NADU",IN,638004,Rangareddy,TELANGANA,IN,509320,790,752.38,37.62,0,0,0,0.05,0,790,752.38,0,0,37.62,0,0,0,0,0,0,0,0,0,0,0,0,0,0,0,0,0,0,0,0,0,0,0,0,0,0,0,0,0,0,0,0.005,3.76,,MFN,COD,,
33AHOPW5310Q1ZO,IN-112,"2026-08-19 13:02:51",Shipment,407-6698595-1573110,A051761036BBDIEIU5Y9E,"2026-08-21 13:29:10","2026-08-19 12:49:02",574412949005,1,"Wise Ninja Bus Conductor Cash Bag   Brown Leather with 4 Compartments  Handmade",B099QP1P74,7437,TWN004,A_GEN_REDUCED,CHENNAI,"TAMIL NADU",IN,600093,ERODE,"TAMIL NADU",IN,638004,BENGALURU,KARNATAKA,IN,560038,790,752.38,37.62,0,0,0,0.05,0,790,752.38,0,0,37.62,0,0,0,0,0,0,0,0,0,0,0,0,0,0,0,0,0,0,0,0,0,0,0,0,0,0,0,0,0,0,0,0.005,3.76,,MFN,CC,,
33AHOPW5310Q1ZO,IN-114,"2026-08-23 08:19:52",Shipment,171-2830502-9336327,A0707598JHPKO0B60GJF,"2026-08-25 14:14:36","2026-08-23 08:06:02",575212587972,1,"The Wise Ninja Bus Conductor Leather Cash Bag Petrol Pump Cashier Leather Bag   Black Color Sandal Piping with 4 Compartments Handmade Leather Bags",B099QNS4JB,7437,TWN003,A_GEN_REDUCED,CHENNAI,"TAMIL NADU",IN,600093,ERODE,"TAMIL NADU",IN,638004,PALAKKAD,KERALA,IN,678612,790,752.38,37.62,0,0,0,0.05,0,790,752.38,0,0,37.62,0,0,0,0,0,0,0,0,0,0,0,0,0,0,0,0,0,0,0,0,0,0,0,0,0,0,0,0,0,0,0,0.005,3.76,,MFN,CC,,
33AHOPW5310Q1ZO,IN-115,"2026-08-26 05:33:40",Shipment,404-0906875-2121926,A0957243CMETWF9F95I,"2026-08-27 11:19:33","2026-08-26 05:18:51",575311745938,1,"The Wise Ninja Heavy Traditional Tools Bag for Electricians Plumbers General Workers Canvas Tool Bag  Traditional ",B0BCYS3N7H,39269099,1F-Q4AV-92PY,A_GEN_SUPERREDUCED,CHENNAI,"TAMIL NADU",IN,600093,ERODE,"TAMIL NADU",IN,638004,HOSUR,"TAMIL NADU",IN,635126,785,747.62,37.38,0.025,0.025,0,0,0,785,747.62,18.69,18.69,0,0,0,0,0,0,0,0,0,0,0,0,0,0,0,0,0,0,0,0,0,0,0,0,0,0,0.0025,1.87,0.0025,1.87,0,0,0,0,,MFN,COD,,
33AHOPW5310Q1ZO,,"2026-08-27 13:51:59",Cancel,403-9547528-8341947,A06095443017MMCGNAQ15,,,575669123410,2,,B099QNS4JB,,TWN003,A_GEN_REDUCED,CHENNAI,"TAMIL NADU",IN,600093,ERODE,"TAMIL NADU",IN,638004,MUMBAI,MAHARASHTRA,IN,400016,0,0,0,0,0,0,0,0,0,0,0,0,0,0,0,0,0,0,0,0,0,0,0,0,0,0,0,0,0,0,0,0,0,0,0,0,0,0,0,0,0,0,0,0,0,0,,,,,
33AHOPW5310Q1ZO,CN-15,"2026-08-15 20:58:12",Cancel,404-3991771-6973948,A04536501A1U37OUHA716,,,574189110347,1,,B0BCYS3N7H,,1F-Q4AV-92PY,A_GEN_SUPERREDUCED,CHENNAI,"TAMIL NADU",IN,600093,ERODE,"TAMIL NADU",IN,638004,HOSUR,"TAMIL NADU",IN,635126,0,0,0,0,0,0,0,0,0,0,0,0,0,0,0,0,0,0,0,0,0,0,0,0,0,0,0,0,0,0,0,0,0,0,0,0,0,0,0,0,0,0,0,0,0,0,,,,,
33AHOPW5310Q1ZO,IN-111,"2026-08-15 20:58:12",Refund,404-3991771-6973948,A04536501A1U37OUHA716,"2026-08-18 13:57:12","2026-08-15 20:43:28",574189110347,1,"The Wise Ninja Heavy Traditional Tools Bag for Electricians Plumbers General Workers Canvas Tool Bag  Traditional ",B0BCYS3N7H,39269099,1F-Q4AV-92PY,A_GEN_SUPERREDUCED,CHENNAI,"TAMIL NADU",IN,600093,ERODE,"TAMIL NADU",IN,638004,HOSUR,"TAMIL NADU",IN,635126,-785,-747.62,-37.38,0.025,0.025,0,0,0,785,-747.62,-18.69,-18.69,0,0,0,0,0,0,0,0,0,0,0,0,0,0,0,0,0,0,0,0,0,0,0,0,0,0,0.0025,-1.87,0.0025,-1.87,0,0,0,0,,MFN,COD,CN-15,"2026-08-31 05:09:28"
33AHOPW5310Q1ZO,IN-117,"2026-08-27 13:51:59",Shipment,403-9547528-8341947,A06095443017MMCGNAQ15,"2026-08-31 11:33:39","2026-08-27 13:38:03",575669123410,2,"The Wise Ninja Bus Conductor Leather Cash Bag Petrol Pump Cashier Leather Bag   Black Color Sandal Piping with 4 Compartments Handmade Leather Bags",B099QNS4JB,7437,TWN003,A_GEN_REDUCED,CHENNAI,"TAMIL NADU",IN,600093,ERODE,"TAMIL NADU",IN,638004,MUMBAI,MAHARASHTRA,IN,400016,1580,1504.76,75.24,0,0,0,0.05,0,1580,1504.76,0,0,75.24,0,0,0,0,0,0,0,0,0,0,0,0,0,0,0,0,0,0,0,0,0,0,0,0,0,0,0,0,0,0,0,0.005,7.52,,MFN,COD,,
33AHOPW5310Q1ZO,CN-16,"2026-08-26 05:33:40",Cancel,404-0906875-2121926,A0957243CMETWF9F95I,,,575311745938,1,,B0BCYS3N7H,,1F-Q4AV-92PY,A_GEN_SUPERREDUCED,CHENNAI,"TAMIL NADU",IN,600093,ERODE,"TAMIL NADU",IN,638004,HOSUR,"TAMIL NADU",IN,635126,0,0,0,0,0,0,0,0,0,0,0,0,0,0,0,0,0,0,0,0,0,0,0,0,0,0,0,0,0,0,0,0,0,0,0,0,0,0,0,0,0,0,0,0,0,0,,,,,
33AHOPW5310Q1ZO,IN-118,"2026-08-30 16:29:34",Shipment,171-9360239-1973966,A08456922IFZDHSSYHRHY,"2026-09-01 15:55:51","2026-08-30 16:16:20",575799433813,1,"Wise Ninja Bus Conductor Cash Bag   Brown Leather with 4 Compartments  Handmade",B099QP1P74,7437,TWN004,A_GEN_REDUCED,CHENNAI,"TAMIL NADU",IN,600093,ERODE,"TAMIL NADU",IN,638004,"Karambakudi  Pudukkottai","TAMIL NADU",IN,622302,790,752.38,37.62,0.025,0.025,0,0,0,790,752.38,18.81,18.81,0,0,0,0,0,0,0,0,0,0,0,0,0,0,0,0,0,0,0,0,0,0,0,0,0,0,0.0025,1.88,0.0025,1.88,0,0,0,0,,MFN,PayStation,,
33AHOPW5310Q1ZO,IN-119,"2026-08-30 17:17:23",Shipment,171-6020681-2874700,A09163073HT8NU6MLANJC,"2026-09-01 15:55:51","2026-08-30 17:02:58",575799677729,1,"The Wise Ninja Bus Conductor Leather Cash Bag Petrol Pump Cashier Leather Bag   Handmade Sandal Color with 4 Compartments of Cash Organizer",B099PM9XCM,4201,TWN001,A_GEN_REDUCED,CHENNAI,"TAMIL NADU",IN,600093,ERODE,"TAMIL NADU",IN,638004,"Karambakudi  Pudukkottai","TAMIL NADU",IN,622302,890,847.62,42.38,0.025,0.025,0,0,0,890,847.62,21.19,21.19,0,0,0,0,0,0,0,0,0,0,0,0,0,0,0,0,0,0,0,0,0,0,0,0,0,0,0.0025,2.12,0.0025,2.12,0,0,0,0,,MFN,PayStation,,
33AHOPW5310Q1ZO,IN-96,"2026-07-31 12:54:00",Shipment,404-0366662-3399509,A0230630RLL1XET3S4J4,"2026-08-04 12:22:59","2026-07-31 12:39:25",572186041934,5,"Wise Ninja Bus Conductor Cash Bag   Brown Leather with 4 Compartments  Handmade",B099QP1P74,7437,TWN004,A_GEN_REDUCED,CHENNAI,"TAMIL NADU",IN,600093,ERODE,"TAMIL NADU",IN,638004,RAMANATHAPURAM,"TAMIL NADU",IN,623501,3950,3761.9,188.1,0.025,0.025,0,0,0,3950,3761.9,94.05,94.05,0,0,0,0,0,0,0,0,0,0,0,0,0,0,0,0,0,0,0,0,0,0,0,0,0,0,0.0025,9.4,0.0025,9.4,0,0,0,0,,MFN,COD,,
33AHOPW5310Q1ZO,IN-80,"2026-07-21 13:56:50",Refund,404-4916646-2335544,A077558916TR70Q7XMOOD,"2026-07-24 13:03:37","2026-07-21 13:42:53",570778606194,1,"The Wise Ninja Bus Conductor Leather Cash Bag Petrol Pump Cashier Leather Bag   Black Color Sandal Piping with 4 Compartments Handmade Leather Bags",B099QNS4JB,7437,TWN003,A_GEN_REDUCED,CHENNAI,"TAMIL NADU",IN,600093,ERODE,"TAMIL NADU",IN,638004,KOTA,"ANDHRA PRADESH",IN,524411,-790,-752.38,-37.62,0,0,0,0.05,0,790,-752.38,0,0,-37.62,0,0,0,0,0,0,0,0,0,0,0,0,0,0,0,0,0,0,0,0,0,0,0,0,0,0,0,0,0,0,0,0.005,-3.76,,MFN,PayStation,CN-13,"2026-08-17 20:54:36"
